Workbook

Sheet Resumen
B2: Título del proyecto: Pokemon Legacy
B4: Miembros del equipo
B5: Nombre | C5: Rol | D5: Responsabilidad
B6: Angelo | C6: Product Owner | D6: Define qué debe construirse y prioriza el backlog para maximizar el valor del producto
B7: Rodrigo | C7: Scrum Manager | D7: Facilita el proceso Scrum, elimina impedimentos y ayuda al equipo a trabajar de forma efectiva
B8: Angelo | C8: Scrum Team | D8: Construye el producto cumpliendo los objetivos del sprint con autonomía y colaboración
B9: Iván | C9: Scrum Team
B10: Rodrigo | C10: Scrum Team
B12: Sprints
B13: Sprint | C13: Fecha Prevista | D13: Fecha Real | E13: Velocidad | F13: Meta | K13: Conclusiones
B14: Sprint 1 | C14: 45957 | D14: 45968 | E14: ='Pila-Sprint1'!C2 -> 24 | F14: Configurar la base visual e interactiva básica del museo | K14: Obtener feedback para el siguiente sprint
B15: Sprint 2 | C15: 45985 | D15: 45985 | E15: ='Pila-Sprint2'!C2 -> 37 | F15: Enriquecer la experiencia con ambientación y contenido educativo | K15: Finalización exitosa del proyecto
B18: Descripción del contexto
B19: Un museo que invita a futuros empleados a descubrir la historia, innovación y valores de The Pokémon Company, conectándolos con la esencia y legado de esta icónica franquicia

Sheet Backlog Producto
A1: ID | B1: Nombre | C1: Imp | D1: Sprint | E1: Estimado | F1: Realizado | G1: Estado | H1: Notas
C2: =ROUND(AVERAGE(C3:C6), 0) -> 85 | D2: =1 -> 1 | E2: =SUM(E3:E6) -> 24 | F2: =SUM(F3:F6) -> 31 | G2: =COUNTIF(G3:G6,"finished")/COUNTIF(G3:G6,"<>"&"") -> 0.5
A3: ID0001 | B3: ='Pila-Sprint1'!B3 -> Como Usuario quiero que modelos 3D se carguen desde GitHub para facilitar un repositorio | C3: 100 | D3: 1 | E3: ='Pila-Sprint1'!C3 -> 10 | F3: =SUM('Diario-Realizado-Sprint1'!D10:D12) -> 12 | G3: finished | H3: Incompatibilidad de modelos + Creación de materiales para texturas problemáticas
A4: ID0002 | B4: ='Pila-Sprint1'!B7 -> Como Usuario quiero visualizar estatuas de pokémons, objetos y cartas para reconocer emblemas de la saga | C4: 90 | D4: 1 | E4: ='Pila-Sprint1'!C7 -> 7 | F4: =SUM('Diario-Realizado-Sprint1'!D13:D14) -> 12 | G4: not finished | H4: Sobreestimación del tiempo disponible
A5: ID0003 | B5: ='Pila-Sprint1'!B10 -> Como Usuario quiero interactuar con poké balls para sentirme inmerso en la experiencia | C5: 80 | D5: 1 | E5: ='Pila-Sprint1'!C10 -> 5 | F5: =SUM('Diario-Realizado-Sprint1'!D15:D17) -> 3 | G5: not finished | H5: Sobreestimación del tiempo disponible
A6: ID0004 | B6: ='Pila-Sprint1'!B14 -> Como Usuario quiero cada objeto escalado adecuadamente para poseer una percepción realista | C6: 70 | D6: 1 | E6: ='Pila-Sprint1'!C6 -> 2 | F6: ='Diario-Realizado-Sprint1'!D18 -> 4 | G6: finished
C7: =ROUND(AVERAGE(C8:C13), 0) -> 63 | D7: 2 | E7: =SUM(E8:E13) -> 37 | F7: =SUM(F8:F13) -> 31 | G7: =COUNTIF(G8:G13,"finished")/COUNTIF(G8:G13,"<>"&"") -> 1
A8: ID0002 | B8: ='Pila-Sprint2'!B3 -> Como Usuario quiero visualizar estatuas de pokémons, objetos y cartas para reconocer emblemas de la saga | C8: 90 | D8: 1 | E8: ='Pila-Sprint2'!C3 -> 5 | F8: ='Diario-Realizado-Sprint2'!D10 -> 4 | G8: finished
A9: ID0003 | B9: ='Pila-Sprint2'!B5 -> Como Usuario quiero interactuar con poké balls para sentirme inmerso en la experiencia | C9: 80 | D9: 1 | E9: ='Pila-Sprint2'!C5 -> 5 | F9: =SUM('Diario-Realizado-Sprint2'!D11:D13) -> 6 | G9: finished
A10: ID0005 | B10: ='Pila-Sprint2'!B9 -> Como Usuario quiero visualizar cuadros que contextualicen la saga para entender su evolución | C10: 80 | D10: 2 | E10: ='Pila-Sprint2'!C9 -> 5 | F10: ='Diario-Realizado-Sprint2'!D14 -> 4 | G10: finished
A11: ID0006 | B11: ='Pila-Sprint2'!B11 -> Como Usuario quiero disponer de un botón que reproduzca música para ambientar la experiencia | C11: 60 | D11: 2 | E11: ='Pila-Sprint2'!C11 -> 7 | F11: =SUM('Diario-Realizado-Sprint2'!D15:D16) -> 6 | G11: finished
A12: ID0007 | B12: ='Pila-Sprint2'!B14 -> Como Usuario quiero iluminar estatuas al acercarme para llamar mi atención | C12: 40 | D12: 2 | E12: ='Pila-Sprint2'!C14 -> 5 | F12: =SUM('Diario-Realizado-Sprint2'!D17:D18) -> 4 | G12: finished
A13: ID0008 | B13: ='Pila-Sprint2'!B17 -> Como Usuario quiero añadir mini-quiz internacional para probar mis conocimientos | C13: 30 | D13: 2 | E13: ='Pila-Sprint2'!C17 -> 10 | F13: =SUM('Diario-Realizado-Sprint2'!D19:D21) -> 7 | G13: finished

Sheet Pila-Sprint1
A1: ID | B1: Nombre | C1: Estimado | D1: Notas
C2: =SUM(C3,C7,C10,C14) -> 24
A3: ID001 | B3: Como Usuario quiero que modelos 3D se carguen desde GitHub para facilitar un repositorio | C3: =SUM(C4:C6) -> 10
A4: ID001_T1 | B4: Configurar la carga de modelos desde GitHub | C4: 3
A5: ID001_T2 | B5: Integración en Unity | C5: 5 | D5: Incompatibilidad de modelos
A6: ID001_T3 | B6: Gestión de errores y pruebas | C6: 2 | D6: Creación de materiales para texturas problemáticas
A7: ID002 | B7: Como Usuario quiero visualizar estatuas de pokémons, objetos y cartas para reconocer emblemas de la saga | C7: =SUM(C8:C9) -> 7
A8: ID002_T1 | B8: Estatuas (Pikachu, Charmander, Bulbasaur y Squirtle), objetos y cartas se muestran en zonas designadas del museo | C8: 5
A9: ID002_T2 | B9: Tooltip interactivo con nombre y descripción del Pokémon/objeto/carta | C9: 2
A10: ID003 | B10: Como Usuario quiero interactuar con poké balls para sentirme inmerso en la experiencia | C10: =SUM(C11:C13) -> 5
A11: ID003_T1 | B11: Las Poké Balls se pueden coger y lanzar | C11: 2
A12: ID003_T2 | B12: Las Poké Balls emiten sonido y partículas | C12: 1
A13: ID003_T3 | B13: Se reproduce una animación de "apertura" al llegar al suelo | C13: 2
A14: ID004 | B14: Como Usuario quiero cada objeto escalado adecuadamente para poseer una percepción realista | C14: =SUM(C15:C15) -> 2
A15: ID004_T1 | B15: Los objetos mantienen proporciones coherentes con el espacio del museo | C15: 2

Sheet Diario-Restante-Sprint1
E3: =IF(E4=0," ",CHOOSE(WEEKDAY(E4,2),"L","M","X","J","V","S","D")) -> X | F3: =IF(F4=0," ",CHOOSE(WEEKDAY(F4,2),"L","M","X","J","V","S","D")) -> J | G3: =IF(G4=0," ",CHOOSE(WEEKDAY(G4,2),"L","M","X","J","V","S","D")) -> V | H3: =IF(H4=0," ",CHOOSE(WEEKDAY(H4,2),"L","M","X","J","V","S","D")) -> S | I3: =IF(I4=0," ",CHOOSE(WEEKDAY(I4,2),"L","M","X","J","V","S","D")) -> D | J3: =IF(J4=0," ",CHOOSE(WEEKDAY(J4,2),"L","M","X","J","V","S","D")) -> L | K3: =IF(K4=0," ",CHOOSE(WEEKDAY(K4,2),"L","M","X","J","V","S","D")) -> M | L3: =IF(L4=0," ",CHOOSE(WEEKDAY(L4,2),"L","M","X","J","V","S","D")) -> X | ... AE3: =IF(AE4=0," ",CHOOSE(WEEKDAY(AE4,2),"L","M","X","J","V","S","D")) -> L
E4: 45931 | F4: 45932 | G4: 45933 | H4: 45934 | I4: 45935 | J4: 45936 | K4: 45937 | L4: 45938 | M4: 45939 | N4: 45940 | O4: 45941 | P4: 45942 | Q4: 45943 | R4: 45944 | S4: 45945 | T4: 45946 | U4: 45947 | V4: 45948 | W4: 45949 | X4: 45950 | Y4: 45951 | Z4: 45952 | AA4: 45953 | AB4: 45954 | AC4: 45955 | AD4: 45956 | AE4: 45957
E5: =IF(AND(D4<TODAY(),TODAY()<(E4+1),E4<>""),"ACTUAL","") | F5: =IF(AND(E4<TODAY(),TODAY()<(F4+1),F4<>""),"ACTUAL","") | G5: =IF(AND(F4<TODAY(),TODAY()<(G4+1),G4<>""),"ACTUAL","") | H5: =IF(AND(G4<TODAY(),TODAY()<(H4+1),H4<>""),"ACTUAL","") | I5: =IF(AND(H4<TODAY(),TODAY()<(I4+1),I4<>""),"ACTUAL","") | J5: =IF(AND(I4<TODAY(),TODAY()<(J4+1),J4<>""),"ACTUAL","") | K5: =IF(AND(J4<TODAY(),TODAY()<(K4+1),K4<>""),"ACTUAL","") | L5: =IF(AND(K4<TODAY(),TODAY()<(L4+1),L4<>""),"ACTUAL","") | ... AE5: =IF(AND(AD4<TODAY(),TODAY()<(AE4+1),AE4<>""),"ACTUAL","")
A6: Tareas pendientes | D6: =COUNTIF(D10:D896,">0") -> 9 | E6: =COUNTIF(E10:E18,">0") -> 9 | F6: =COUNTIF(F10:F18,">0") -> 9 | G6: =COUNTIF(G10:G18,">0") -> 9 | H6: =COUNTIF(H10:H18,">0") -> 9 | I6: =COUNTIF(I10:I18,">0") -> 9 | J6: =COUNTIF(J10:J18,">0") -> 9 | K6: =COUNTIF(K10:K18,">0") -> 9 | L6: =COUNTIF(L10:L18,">0") -> 9 | ... AE6: =COUNTIF(AE10:AE18,">0") -> 4
A7: Horas de trabajo pendientes | D7: =SUM(D9:D929) -> 24 | E7: =IF(SUM(E10:E18)>=0,SUM(E10:E18),#N/A) -> 24 | F7: =IF(SUM(F10:F18)>=0,SUM(F10:F18),#N/A) -> 24 | G7: =IF(SUM(G10:G18)>=0,SUM(G10:G18),#N/A) -> 24 | H7: =IF(SUM(H10:H18)>=0,SUM(H10:H18),#N/A) -> 24 | I7: =IF(SUM(I10:I18)>=0,SUM(I10:I18),#N/A) -> 24 | J7: =IF(SUM(J10:J18)>=0,SUM(J10:J18),#N/A) -> 23 | K7: =IF(SUM(K10:K18)>=0,SUM(K10:K18),#N/A) -> 23 | L7: =IF(SUM(L10:L18)>=0,SUM(L10:L18),#N/A) -> 23 | ... AE7: =IF(SUM(AE10:AE18)>=0,SUM(AE10:AE18),#N/A) -> 10
A9: ID | B9: Nombre | C9: Responable | D9: Estimado | E9: ESFUERZO
A10: ='Pila-Sprint1'!A4 -> ID001_T1 | B10: ='Pila-Sprint1'!B4 -> Configurar la carga de modelos desde GitHub | C10: Scrum Team | D10: ='Pila-Sprint1'!C4 -> 3 | E10: 3 | F10: 3 | G10: 3 | H10: 3 | I10: 3 | J10: 2 | K10: 2 | L10: 2 | M10: 2 | N10: 2 | O10: 2 | P10: 2 | Q10: 0 | R10: 0 | S10: 0 | T10: 0 | U10: 0 | V10: 0 | W10: 0 | X10: 0 | Y10: 0 | Z10: 0 | AA10: 0 | AB10: 0 | AC10: 0 | AD10: 0 | AE10: 0
A11: ='Pila-Sprint1'!A5 -> ID001_T2 | B11: ='Pila-Sprint1'!B5 -> Integración en Unity | C11: Rodrigo | D11: ='Pila-Sprint1'!C5 -> 5 | E11: 5 | F11: 5 | G11: 5 | H11: 5 | I11: 5 | J11: 5 | K11: 5 | L11: 5 | M11: 5 | N11: 5 | O11: 5 | P11: 5 | Q11: 5 | R11: 5 | S11: 5 | T11: 5 | U11: 2 | V11: 0 | W11: 0 | X11: 0 | Y11: 0 | Z11: 0 | AA11: 0 | AB11: 0 | AC11: 0 | AD11: 0 | AE11: 0
A12: ='Pila-Sprint1'!A6 -> ID001_T3 | B12: ='Pila-Sprint1'!B6 -> Gestión de errores y pruebas | C12: Rodrigo | D12: ='Pila-Sprint1'!C6 -> 2 | E12: 2 | F12: 2 | G12: 2 | H12: 2 | I12: 2 | J12: 2 | K12: 2 | L12: 2 | M12: 2 | N12: 2 | O12: 2 | P12: 2 | Q12: 2 | R12: 2 | S12: 2 | T12: 2 | U12: 2 | V12: 2 | W12: 2 | X12: 0 | Y12: 0 | Z12: 0 | AA12: 0 | AB12: 0 | AC12: 0 | AD12: 0 | AE12: 0
A13: ='Pila-Sprint1'!A8 -> ID002_T1 | B13: ='Pila-Sprint1'!B8 -> Estatuas (Pikachu, Charmander, Bulbasaur y Squirtle), objetos y cartas se muestran en zonas designadas del museo | C13: Iván | D13: ='Pila-Sprint1'!C8 -> 5 | E13: 5 | F13: 5 | G13: 5 | H13: 5 | I13: 5 | J13: 5 | K13: 5 | L13: 5 | M13: 5 | N13: 5 | O13: 5 | P13: 5 | Q13: 5 | R13: 5 | S13: 5 | T13: 5 | U13: 5 | V13: 2 | W13: 2 | X13: 2 | Y13: 2 | Z13: 2 | AA13: 2 | AB13: 2 | AC13: 0 | AD13: 0 | AE13: 0
A14: ='Pila-Sprint1'!A9 -> ID002_T2 | B14: ='Pila-Sprint1'!B9 -> Tooltip interactivo con nombre y descripción del Pokémon/objeto/carta | C14: Iván | D14: ='Pila-Sprint1'!C9 -> 2 | E14: 2 | F14: 2 | G14: 2 | H14: 2 | I14: 2 | J14: 2 | K14: 2 | L14: 2 | M14: 2 | N14: 2 | O14: 2 | P14: 2 | Q14: 2 | R14: 2 | S14: 2 | T14: 2 | U14: 2 | V14: 2 | W14: 2 | X14: 4 | Y14: 4 | Z14: 4 | AA14: 4 | AB14: 4 | AC14: 5 | AD14: 5 | AE14: 5
A15: ='Pila-Sprint1'!A11 -> ID003_T1 | B15: ='Pila-Sprint1'!B11 -> Las Poké Balls se pueden coger y lanzar | C15: Angelo | D15: ='Pila-Sprint1'!C11 -> 2 | E15: 2 | F15: 2 | G15: 2 | H15: 2 | I15: 2 | J15: 2 | K15: 2 | L15: 2 | M15: 2 | N15: 2 | O15: 2 | P15: 2 | Q15: 2 | R15: 2 | S15: 2 | T15: 2 | U15: 2 | V15: 2 | W15: 2 | X15: 4 | Y15: 4 | Z15: 4 | AA15: 4 | AB15: 4 | AC15: 2 | AD15: 2 | AE15: 2
A16: ='Pila-Sprint1'!A12 -> ID003_T2 | B16: ='Pila-Sprint1'!B12 -> Las Poké Balls emiten sonido y partículas | C16: Angelo | D16: ='Pila-Sprint1'!C12 -> 1 | E16: 1 | F16: 1 | G16: 1 | H16: 1 | I16: 1 | J16: 1 | K16: 1 | L16: 1 | M16: 1 | N16: 1 | O16: 1 | P16: 1 | Q16: 1 | R16: 1 | S16: 1 | T16: 1 | U16: 1 | V16: 1 | W16: 1 | X16: 1 | Y16: 1 | Z16: 1 | AA16: 1 | AB16: 1 | AC16: 1 | AD16: 1 | AE16: 1
A17: ='Pila-Sprint1'!A13 -> ID003_T3 | B17: ='Pila-Sprint1'!B13 -> Se reproduce una animación de "apertura" al llegar al suelo | C17: Angelo | D17: ='Pila-Sprint1'!C13 -> 2 | E17: 2 | F17: 2 | G17: 2 | H17: 2 | I17: 2 | J17: 2 | K17: 2 | L17: 2 | M17: 2 | N17: 2 | O17: 2 | P17: 2 | Q17: 2 | R17: 2 | S17: 2 | T17: 2 | U17: 2 | V17: 2 | W17: 2 | X17: 2 | Y17: 2 | Z17: 2 | AA17: 2 | AB17: 2 | AC17: 2 | AD17: 2 | AE17: 2
A18: ='Pila-Sprint1'!A15 -> ID004_T1 | B18: ='Pila-Sprint1'!B14 -> Como Usuario quiero cada objeto escalado adecuadamente para poseer una percepción realista | C18: Scrum Team | D18: ='Pila-Sprint1'!C15 -> 2 | E18: 2 | F18: 2 | G18: 2 | H18: 2 | I18: 2 | J18: 2 | K18: 2 | L18: 2 | M18: 2 | N18: 2 | O18: 2 | P18: 2 | Q18: 2 | R18: 2 | S18: 2 | T18: 2 | U18: 2 | V18: 2 | W18: 2 | X18: 2 | Y18: 2 | Z18: 2 | AA18: 2 | AB18: 2 | AC18: 0 | AD18: 0 | AE18: 0

Sheet Diario-Realizado-Sprint1
E3: =IF(E4=0," ",CHOOSE(WEEKDAY(E4,2),"L","M","X","J","V","S","D")) -> X | F3: =IF(F4=0," ",CHOOSE(WEEKDAY(F4,2),"L","M","X","J","V","S","D")) -> J | G3: =IF(G4=0," ",CHOOSE(WEEKDAY(G4,2),"L","M","X","J","V","S","D")) -> V | H3: =IF(H4=0," ",CHOOSE(WEEKDAY(H4,2),"L","M","X","J","V","S","D")) -> S | I3: =IF(I4=0," ",CHOOSE(WEEKDAY(I4,2),"L","M","X","J","V","S","D")) -> D | J3: =IF(J4=0," ",CHOOSE(WEEKDAY(J4,2),"L","M","X","J","V","S","D")) -> L | K3: =IF(K4=0," ",CHOOSE(WEEKDAY(K4,2),"L","M","X","J","V","S","D")) -> M | L3: =IF(L4=0," ",CHOOSE(WEEKDAY(L4,2),"L","M","X","J","V","S","D")) -> X | ... AE3: =IF(AE4=0," ",CHOOSE(WEEKDAY(AE4,2),"L","M","X","J","V","S","D")) -> L
E4: 45931 | F4: 45932 | G4: 45933 | H4: 45934 | I4: 45935 | J4: 45936 | K4: 45937 | L4: 45938 | M4: 45939 | N4: 45940 | O4: 45941 | P4: 45942 | Q4: 45943 | R4: 45944 | S4: 45945 | T4: 45946 | U4: 45947 | V4: 45948 | W4: 45949 | X4: 45950 | Y4: 45951 | Z4: 45952 | AA4: 45953 | AB4: 45954 | AC4: 45955 | AD4: 45956 | AE4: 45957
E5: =IF(AND(D4<TODAY(),TODAY()<(E4+1),E4<>""),"ACTUAL","") | F5: =IF(AND(E4<TODAY(),TODAY()<(F4+1),F4<>""),"ACTUAL","") | G5: =IF(AND(F4<TODAY(),TODAY()<(G4+1),G4<>""),"ACTUAL","") | H5: =IF(AND(G4<TODAY(),TODAY()<(H4+1),H4<>""),"ACTUAL","") | I5: =IF(AND(H4<TODAY(),TODAY()<(I4+1),I4<>""),"ACTUAL","") | J5: =IF(AND(I4<TODAY(),TODAY()<(J4+1),J4<>""),"ACTUAL","") | K5: =IF(AND(J4<TODAY(),TODAY()<(K4+1),K4<>""),"ACTUAL","") | L5: =IF(AND(K4<TODAY(),TODAY()<(L4+1),L4<>""),"ACTUAL","") | ... AE5: =IF(AND(AD4<TODAY(),TODAY()<(AE4+1),AE4<>""),"ACTUAL","")
A6: Acumulado | E6: =SUM($E$10:E18) -> 0 | F6: =SUM($E$7:F7) -> 0 | G6: =SUM($E$7:G7) -> 0 | H6: =SUM($E$7:H7) -> 0 | I6: =SUM($E$7:I7) -> 0 | J6: =SUM($E$7:J7) -> 2 | K6: =SUM($E$7:K7) -> 2 | L6: =SUM($E$7:L7) -> 2 | M6: =SUM($E$7:M7) -> 2 | ... AE6: =SUM($E$7:AE7) -> 31
A7: Realizado | D7: =SUM(E7:G7) -> 0 | E7: =SUM(E10:E18) -> 0 | F7: =SUM(F10:F18) -> 0 | G7: =SUM(G10:G18) -> 0 | H7: =SUM(H10:H18) -> 0 | I7: =SUM(I10:I18) -> 0 | J7: =SUM(J10:J18) -> 2 | K7: =SUM(K10:K18) -> 0 | L7: =SUM(L10:L18) -> 0 | ... AE7: =SUM(AE10:AE18) -> 1
A9: ID | B9: Nombre | C9: Responable | D9: Realizado | E9: ESFUERZO
A10: ='Pila-Sprint1'!A4 -> ID001_T1 | B10: ='Pila-Sprint1'!B4 -> Configurar la carga de modelos desde GitHub | C10: ='Diario-Restante-Sprint1'!C10 -> Scrum Team | D10: =SUM(E10:AE10) -> 4 | J10: 2 | Q10: 2
A11: ='Pila-Sprint1'!A5 -> ID001_T2 | B11: ='Pila-Sprint1'!B5 -> Integración en Unity | C11: ='Diario-Restante-Sprint1'!C11 -> Rodrigo | D11: =SUM(E11:AE11) -> 6 | U11: 4 | V11: 2
A12: ='Pila-Sprint1'!A6 -> ID001_T3 | B12: ='Pila-Sprint1'!B6 -> Gestión de errores y pruebas | C12: ='Diario-Restante-Sprint1'!C12 -> Rodrigo | D12: =SUM(E12:AE12) -> 2 | X12: 2
A13: ='Pila-Sprint1'!A8 -> ID002_T1 | B13: ='Pila-Sprint1'!B8 -> Estatuas (Pikachu, Charmander, Bulbasaur y Squirtle), objetos y cartas se muestran en zonas designadas del museo | C13: ='Diario-Restante-Sprint1'!C13 -> Iván | D13: =SUM(E13:AE13) -> 8 | V13: 4 | AC13: 4
A14: ='Pila-Sprint1'!A9 -> ID002_T2 | B14: ='Pila-Sprint1'!B9 -> Tooltip interactivo con nombre y descripción del Pokémon/objeto/carta | C14: ='Diario-Restante-Sprint1'!C14 -> Iván | D14: =SUM(E14:AE14) -> 4 | X14: 1 | AC14: 2 | AE14: 1
A15: ='Pila-Sprint1'!A11 -> ID003_T1 | B15: ='Pila-Sprint1'!B11 -> Las Poké Balls se pueden coger y lanzar | C15: ='Diario-Restante-Sprint1'!C15 -> Angelo | D15: =SUM(E15:AE15) -> 3 | X15: 1 | AC15: 2
A16: ='Pila-Sprint1'!A12 -> ID003_T2 | B16: ='Pila-Sprint1'!B12 -> Las Poké Balls emiten sonido y partículas | C16: ='Diario-Restante-Sprint1'!C16 -> Angelo | D16: =SUM(E16:AE16) -> 0
A17: ='Pila-Sprint1'!A13 -> ID003_T3 | B17: ='Pila-Sprint1'!B13 -> Se reproduce una animación de "apertura" al llegar al suelo | C17: ='Diario-Restante-Sprint1'!C17 -> Angelo | D17: =SUM(E17:AE17) -> 0
A18: ='Pila-Sprint1'!A15 -> ID004_T1 | B18: ='Pila-Sprint1'!B14 -> Como Usuario quiero cada objeto escalado adecuadamente para poseer una percepción realista | C18: ='Diario-Restante-Sprint1'!C18 -> Scrum Team | D18: =SUM(E18:AE18) -> 4 | W18: 2 | AC18: 2

Sheet Burns-Sprint1
A26: Calendario de la iteración
A27: Tiempo a Dedicar Total | B27: ='Pila-Sprint1'!C2 -> 24 | C27: 45931 | D27: 45932 | E27: 45933 | F27: 45934 | G27: 45935 | H27: 45936 | I27: 45937 | J27: 45938 | K27: 45939 | L27: 45940 | M27: 45941 | N27: 45942 | O27: 45943 | P27: 45944 | Q27: 45945 | R27: 45946 | S27: 45947 | T27: 45948 | U27: 45949 | V27: 45950 | W27: 45951 | X27: 45952 | Y27: 45953 | Z27: 45954 | AA27: 45955 | AB27: 45956 | AC27: 45957
A28: Tiempo a Dedicar Diario | C28: =B27/27 -> 0.88888889 | D28: =B27/27 -> 0.88888889 | E28: =B27/27 -> 0.88888889 | F28: =B27/27 -> 0.88888889 | G28: =B27/27 -> 0.88888889 | H28: =B27/27 -> 0.88888889 | I28: =B27/27 -> 0.88888889 | J28: =B27/27 -> 0.88888889 | K28: =B27/27 -> 0.88888889 | L28: =B27/27 -> 0.88888889 | M28: =B27/27 -> 0.88888889 | N28: =B27/27 -> 0.88888889 | O28: =B27/27 -> 0.88888889 | P28: =B27/27 -> 0.88888889 | Q28: =B27/27 -> 0.88888889 | R28: =B27/27 -> 0.88888889 | S28: =B27/27 -> 0.88888889 | T28: =B27/27 -> 0.88888889 | U28: =B27/27 -> 0.88888889 | V28: =B27/27 -> 0.88888889 | W28: =B27/27 -> 0.88888889 | X28: =B27/27 -> 0.88888889 | Y28: =B27/27 -> 0.88888889 | Z28: =B27/27 -> 0.88888889 | AA28: =B27/27 -> 0.88888889 | AB28: =B27/27 -> 0.88888889 | AC28: =B27/27 -> 0.88888889
A29: Tiempo Restante | C29: =B27 -> 24 | D29: =B27-SUM(C28:D28) -> 22.222222 | E29: =B27-SUM(C28:E28) -> 21.333333 | F29: =B27-SUM(C28:F28) -> 20.444444 | G29: =B27-SUM(C28:G28) -> 19.555556 | H29: =B27-SUM(C28:H28) -> 18.666667 | I29: =B27-SUM(C28:I28) -> 17.777778 | J29: =B27-SUM(C28:J28) -> 16.888889 | K29: =B27-SUM(C28:K28) -> 16 | L29: =B27-SUM(C28:L28) -> 15.111111 | M29: =B27-SUM(C28:M28) -> 14.222222 | N29: =B27-SUM(C28:N28) -> 13.333333 | O29: =B27-SUM(C28:O28) -> 12.444444 | P29: =B27-SUM(C28:P28) -> 11.555556 | Q29: =B27-SUM(C28:Q28) -> 10.666667 | R29: =B27-SUM(C28:R28) -> 9.7777778 | S29: =B27-SUM(C28:S28) -> 8.8888889 | T29: =B27-SUM(C28:T28) -> 8 | U29: =B27-SUM(C28:U28) -> 7.1111111 | V29: =B27-SUM(C28:V28) -> 6.2222222 | W29: =B27-SUM(C28:W28) -> 5.3333333 | X29: =B27-SUM(C28:X28) -> 4.4444444 | Y29: =B27-SUM(C28:Y28) -> 3.5555556 | Z29: =B27-SUM(C28:Z28) -> 2.6666667 | AA29: =B27-SUM(C28:AA28) -> 1.7777778 | AB29: =B27-SUM(C28:AB28) -> 0.88888889 | AC29: =B27-SUM(C28:AC28) -> 0

Sheet Retrospectiva Sprint 1
A1: ¿QUÉ HA IDO BIEN EN LA INTERACCIÓN? | B1: ¿QUÉ ES MEJORABLE? | C1: ACCIONES DE MEJORA
A2: Hemos implementado gran parte de la funcionalidad prevista en las hu's | B2: Estimación del tiempo | C2: A la hora de estimar tener en cuenta que no estamos demasiado familiarizados con Unity
A3: Hemos logrado una buena capacidad de trabajo | B3: Gestión de conflictos en Plastic SCM | C3: Aprender más sobre Plastic SCM
B4: Priorizar funcionalidades sobre visuales

Sheet Pila-Sprint2
A1: ID | B1: Nombre | C1: Estimado | D1: Notas
C2: =SUM(C3,C5,C9,C11,C14,C17) -> 37
A3: ID002 | B3: Como Usuario quiero visualizar estatuas de pokémons, objetos y cartas para reconocer emblemas de la saga | C3: =SUM(C4:C4) -> 5
A4: ID002_T1 | B4: Tooltip interactivo con nombre y descripción del Pokémon/objeto/carta | C4: 5
A5: ID003 | B5: Como Usuario quiero interactuar con poké balls para sentirme inmerso en la experiencia | C5: =SUM(C6:C8) -> 5
A6: ID003_T1 | B6: Las Poké Balls se pueden coger y lanzar | C6: 2
A7: ID003_T2 | B7: Las Poké Balls emiten sonido al colisionar con una superficie | C7: 1
A8: ID003_T3 | B8: Se reproduce una animación de "apertura" al colisionar con una superficie | C8: 2
A9: ID005 | B9: Como Usuario quiero visualizar cuadros que contextualicen la saga para entender su evolución | C9: =SUM(C10:C10) -> 5
A10: ID005_T1 | B10: Galería con línea de tiempo de la historia de Pokémon | C10: 5
A11: ID006 | B11: Como Usuario quiero disponer de un botón que reproduzca música para ambientar la experiencia | C11: =SUM(C12:C13) -> 7
A12: ID006_T1 | B12: Botón ubicado en zona estratégica | C12: 2
A13: ID006_T2 | B13: Funcionalidad Play/Pause y control de volumen | C13: 5
A14: ID007 | B14: Como Usuario quiero iluminar estatuas al acercarme para llamar mi atención | C14: =SUM(C15:C16) -> 5
A15: ID007_T1 | B15: Luces se encienden al acercarse a estatuas | C15: 3
A16: ID007_T2 | B16: Efecto de atenuación (fade-in/fade-out) | C16: 2
A17: ID008 | B17: Como Usuario quiero añadir mini-quiz internacional para probar mis conocimientos | C17: =SUM(C18:C20) -> 10
A18: ID008_T1 | B18: Sistema de preguntas basado en siluetas de Pokémon | C18: 3
A19: ID008_T2 | B19: Sistema de localización/internacionalización | C19: 2
A20: ID008_T3 | B20: Feedback visual | C20: 5

Sheet Diario-Restante-Sprint2
E3: =IF(E4=0," ",CHOOSE(WEEKDAY(E4,2),"L","M","X","J","V","S","D")) -> M | F3: =IF(F4=0," ",CHOOSE(WEEKDAY(F4,2),"L","M","X","J","V","S","D")) -> X | G3: =IF(G4=0," ",CHOOSE(WEEKDAY(G4,2),"L","M","X","J","V","S","D")) -> J | H3: =IF(H4=0," ",CHOOSE(WEEKDAY(H4,2),"L","M","X","J","V","S","D")) -> V | I3: =IF(I4=0," ",CHOOSE(WEEKDAY(I4,2),"L","M","X","J","V","S","D")) -> S | J3: =IF(J4=0," ",CHOOSE(WEEKDAY(J4,2),"L","M","X","J","V","S","D")) -> D | K3: =IF(K4=0," ",CHOOSE(WEEKDAY(K4,2),"L","M","X","J","V","S","D")) -> L | L3: =IF(L4=0," ",CHOOSE(WEEKDAY(L4,2),"L","M","X","J","V","S","D")) -> M | ... AF3: =IF(AF4=0," ",CHOOSE(WEEKDAY(AF4,2),"L","M","X","J","V","S","D")) -> L
E4: 45958 | F4: 45959 | G4: 45960 | H4: 45961 | I4: 45962 | J4: 45963 | K4: 45964 | L4: 45965 | M4: 45966 | N4: 45967 | O4: 45968 | P4: 45969 | Q4: 45970 | R4: 45971 | S4: 45972 | T4: 45973 | U4: 45974 | V4: 45975 | W4: 45976 | X4: 45977 | Y4: 45978 | Z4: 45979 | AA4: 45980 | AB4: 45981 | AC4: 45982 | AD4: 45983 | AE4: 45984 | AF4: 45985
E5: =IF(AND(D4<TODAY(),TODAY()<(E4+1),E4<>""),"ACTUAL","") | F5: =IF(AND(E4<TODAY(),TODAY()<(F4+1),F4<>""),"ACTUAL","") | G5: =IF(AND(F4<TODAY(),TODAY()<(G4+1),G4<>""),"ACTUAL","") | H5: =IF(AND(G4<TODAY(),TODAY()<(H4+1),H4<>""),"ACTUAL","") | I5: =IF(AND(H4<TODAY(),TODAY()<(I4+1),I4<>""),"ACTUAL","") | J5: =IF(AND(I4<TODAY(),TODAY()<(J4+1),J4<>""),"ACTUAL","") | K5: =IF(AND(J4<TODAY(),TODAY()<(K4+1),K4<>""),"ACTUAL","") | L5: =IF(AND(K4<TODAY(),TODAY()<(L4+1),L4<>""),"ACTUAL","") | ... AF5: =IF(AND(AE4<TODAY(),TODAY()<(AF4+1),AF4<>""),"ACTUAL","")
A6: Tareas pendientes | D6: =COUNTIF(D10:D895,">0") -> 12 | E6: =COUNTIF(E10:E21,">0") -> 12 | F6: =COUNTIF(F10:F21,">0") -> 12 | G6: =COUNTIF(G10:G21,">0") -> 12 | H6: =COUNTIF(H10:H21,">0") -> 11 | I6: =COUNTIF(I10:I21,">0") -> 10 | J6: =COUNTIF(J10:J21,">0") -> 10 | K6: =COUNTIF(K10:K21,">0") -> 10 | L6: =COUNTIF(L10:L21,">0") -> 10 | ... AF6: =COUNTIF(AF10:AF21,">0") -> 0
A7: Horas de trabajo pendientes | D7: =SUM(D9:D928) -> 37 | E7: =IF(SUM(E10:E21)>=0,SUM(E10:E21),#N/A) -> 37 | F7: =IF(SUM(F10:F21)>=0,SUM(F10:F21),#N/A) -> 37 | G7: =IF(SUM(G10:G21)>=0,SUM(G10:G21),#N/A) -> 37 | H7: =IF(SUM(H10:H21)>=0,SUM(H10:H21),#N/A) -> 32 | I7: =IF(SUM(I10:I21)>=0,SUM(I10:I21),#N/A) -> 30 | J7: =IF(SUM(J10:J21)>=0,SUM(J10:J21),#N/A) -> 30 | K7: =IF(SUM(K10:K21)>=0,SUM(K10:K21),#N/A) -> 30 | L7: =IF(SUM(L10:L21)>=0,SUM(L10:L21),#N/A) -> 30 | ... AF7: =IF(SUM(AF10:AF21)>=0,SUM(AF10:AF21),#N/A) -> 0
A9: ID | B9: Nombre | C9: Responable | D9: Estimado | E9: ESFUERZO
A10: ='Pila-Sprint2'!A4 -> ID002_T1 | B10: ='Pila-Sprint2'!B4 -> Tooltip interactivo con nombre y descripción del Pokémon/objeto/carta | C10: Iván | D10: ='Pila-Sprint2'!C4 -> 5 | E10: 5 | F10: 5 | G10: 5 | H10: 2 | I10: 2 | J10: 2 | K10: 2 | L10: 2 | M10: 2 | N10: 2 | O10: 0 | P10: 0 | Q10: 0 | R10: 0 | S10: 0 | T10: 0 | U10: 0 | V10: 0 | W10: 0 | X10: 0 | Y10: 0 | Z10: 0 | AA10: 0 | AB10: 0 | AC10: 0 | AD10: 0 | AE10: 0 | AF10: 0
A11: ='Pila-Sprint2'!A6 -> ID003_T1 | B11: ='Pila-Sprint2'!B6 -> Las Poké Balls se pueden coger y lanzar | C11: Angelo | D11: ='Pila-Sprint2'!C6 -> 2 | E11: 2 | F11: 2 | G11: 2 | H11: 0 | I11: 0 | J11: 0 | K11: 0 | L11: 0 | M11: 0 | N11: 0 | O11: 0 | P11: 0 | Q11: 0 | R11: 0 | S11: 0 | T11: 0 | U11: 0 | V11: 0 | W11: 0 | X11: 0 | Y11: 0 | Z11: 0 | AA11: 0 | AB11: 0 | AC11: 0 | AD11: 0 | AE11: 0 | AF11: 0
A12: ='Pila-Sprint2'!A7 -> ID003_T2 | B12: ='Pila-Sprint2'!B7 -> Las Poké Balls emiten sonido al colisionar con una superficie | C12: Angelo | D12: ='Pila-Sprint2'!C7 -> 1 | E12: 1 | F12: 1 | G12: 1 | H12: 1 | I12: 0 | J12: 0 | K12: 0 | L12: 0 | M12: 0 | N12: 0 | O12: 0 | P12: 0 | Q12: 0 | R12: 0 | S12: 0 | T12: 0 | U12: 0 | V12: 0 | W12: 0 | X12: 0 | Y12: 0 | Z12: 0 | AA12: 0 | AB12: 0 | AC12: 0 | AD12: 0 | AE12: 0 | AF12: 0
A13: ='Pila-Sprint2'!A8 -> ID003_T3 | B13: ='Pila-Sprint2'!B8 -> Se reproduce una animación de "apertura" al colisionar con una superficie | C13: Angelo | D13: ='Pila-Sprint2'!C8 -> 2 | E13: 2 | F13: 2 | G13: 2 | H13: 2 | I13: 1 | J13: 1 | K13: 1 | L13: 1 | M13: 1 | N13: 1 | O13: 1 | P13: 1 | Q13: 1 | R13: 1 | S13: 1 | T13: 1 | U13: 1 | V13: 1 | W13: 1 | X13: 1 | Y13: 0 | Z13: 0 | AA13: 0 | AB13: 0 | AC13: 0 | AD13: 0 | AE13: 0 | AF13: 0
A14: ='Pila-Sprint2'!A10 -> ID005_T1 | B14: ='Pila-Sprint2'!B10 -> Galería con línea de tiempo de la historia de Pokémon | C14: Rodrigo | D14: ='Pila-Sprint2'!C10 -> 5 | E14: 5 | F14: 5 | G14: 5 | H14: 5 | I14: 5 | J14: 5 | K14: 5 | L14: 5 | M14: 5 | N14: 5 | O14: 5 | P14: 0 | Q14: 0 | R14: 0 | S14: 0 | T14: 0 | U14: 0 | V14: 0 | W14: 0 | X14: 0 | Y14: 0 | Z14: 0 | AA14: 0 | AB14: 0 | AC14: 0 | AD14: 0 | AE14: 0 | AF14: 0
A15: ='Pila-Sprint2'!A12 -> ID006_T1 | B15: ='Pila-Sprint2'!B12 -> Botón ubicado en zona estratégica | C15: Rodrigo | D15: ='Pila-Sprint2'!C12 -> 2 | E15: 2 | F15: 2 | G15: 2 | H15: 2 | I15: 2 | J15: 2 | K15: 2 | L15: 2 | M15: 2 | N15: 2 | O15: 2 | P15: 0 | Q15: 0 | R15: 0 | S15: 0 | T15: 0 | U15: 0 | V15: 0 | W15: 0 | X15: 0 | Y15: 0 | Z15: 0 | AA15: 0 | AB15: 0 | AC15: 0 | AD15: 0 | AE15: 0 | AF15: 0
A16: ='Pila-Sprint2'!A13 -> ID006_T2 | B16: ='Pila-Sprint2'!B13 -> Funcionalidad Play/Pause y control de volumen | C16: Angelo | D16: ='Pila-Sprint2'!C13 -> 5 | E16: 5 | F16: 5 | G16: 5 | H16: 5 | I16: 5 | J16: 5 | K16: 5 | L16: 5 | M16: 5 | N16: 5 | O16: 5 | P16: 5 | Q16: 5 | R16: 4 | S16: 4 | T16: 4 | U16: 0 | V16: 0 | W16: 0 | X16: 0 | Y16: 0 | Z16: 0 | AA16: 0 | AB16: 0 | AC16: 0 | AD16: 0 | AE16: 0 | AF16: 0
A17: ='Pila-Sprint2'!A15 -> ID007_T1 | B17: ='Pila-Sprint2'!B15 -> Luces se encienden al acercarse a estatuas | C17: Iván | D17: ='Pila-Sprint2'!C15 -> 3 | E17: 3 | F17: 3 | G17: 3 | H17: 3 | I17: 3 | J17: 3 | K17: 3 | L17: 3 | M17: 3 | N17: 3 | O17: 3 | P17: 3 | Q17: 3 | R17: 1 | S17: 1 | T17: 1 | U17: 1 | V17: 0 | W17: 0 | X17: 0 | Y17: 0 | Z17: 0 | AA17: 0 | AB17: 0 | AC17: 0 | AD17: 0 | AE17: 0 | AF17: 0
A18: ='Pila-Sprint2'!A16 -> ID007_T2 | B18: ='Pila-Sprint2'!B16 -> Efecto de atenuación (fade-in/fade-out) | C18: Iván | D18: ='Pila-Sprint2'!C16 -> 2 | E18: 2 | F18: 2 | G18: 2 | H18: 2 | I18: 2 | J18: 2 | K18: 2 | L18: 2 | M18: 2 | N18: 2 | O18: 2 | P18: 2 | Q18: 2 | R18: 2 | S18: 2 | T18: 2 | U18: 2 | V18: 0 | W18: 0 | X18: 0 | Y18: 0 | Z18: 0 | AA18: 0 | AB18: 0 | AC18: 0 | AD18: 0 | AE18: 0 | AF18: 0
A19: ='Pila-Sprint2'!A18 -> ID008_T1 | B19: ='Pila-Sprint2'!B18 -> Sistema de preguntas basado en siluetas de Pokémon | C19: Iván | D19: ='Pila-Sprint2'!C18 -> 3 | E19: 3 | F19: 3 | G19: 3 | H19: 3 | I19: 3 | J19: 3 | K19: 3 | L19: 3 | M19: 3 | N19: 3 | O19: 3 | P19: 3 | Q19: 3 | R19: 3 | S19: 3 | T19: 3 | U19: 3 | V19: 3 | W19: 3 | X19: 3 | Y19: 2 | Z19: 2 | AA19: 2 | AB19: 2 | AC19: 1 | AD19: 1 | AE19: 1 | AF19: 0
A20: ='Pila-Sprint2'!A19 -> ID008_T2 | B20: ='Pila-Sprint2'!B19 -> Sistema de localización/internacionalización | C20: Iván | D20: ='Pila-Sprint2'!C19 -> 2 | E20: 2 | F20: 2 | G20: 2 | H20: 2 | I20: 2 | J20: 2 | K20: 2 | L20: 2 | M20: 2 | N20: 2 | O20: 2 | P20: 2 | Q20: 2 | R20: 2 | S20: 2 | T20: 2 | U20: 2 | V20: 2 | W20: 2 | X20: 2 | Y20: 2 | Z20: 2 | AA20: 2 | AB20: 2 | AC20: 0.5 | AD20: 0.5 | AE20: 0.5 | AF20: 0
A21: ='Pila-Sprint2'!A20 -> ID008_T3 | B21: ='Pila-Sprint2'!B20 -> Feedback visual | C21: Iván | D21: ='Pila-Sprint2'!C20 -> 5 | E21: 5 | F21: 5 | G21: 5 | H21: 5 | I21: 5 | J21: 5 | K21: 5 | L21: 5 | M21: 5 | N21: 5 | O21: 5 | P21: 5 | Q21: 5 | R21: 5 | S21: 5 | T21: 5 | U21: 5 | V21: 5 | W21: 5 | X21: 5 | Y21: 4 | Z21: 4 | AA21: 4 | AB21: 4 | AC21: 3 | AD21: 3 | AE21: 3 | AF21: 0

Sheet Diario-Realizado-Sprint2
E3: =IF(E4=0," ",CHOOSE(WEEKDAY(E4,2),"L","M","X","J","V","S","D")) -> M | F3: =IF(F4=0," ",CHOOSE(WEEKDAY(F4,2),"L","M","X","J","V","S","D")) -> X | G3: =IF(G4=0," ",CHOOSE(WEEKDAY(G4,2),"L","M","X","J","V","S","D")) -> J | H3: =IF(H4=0," ",CHOOSE(WEEKDAY(H4,2),"L","M","X","J","V","S","D")) -> V | I3: =IF(I4=0," ",CHOOSE(WEEKDAY(I4,2),"L","M","X","J","V","S","D")) -> S | J3: =IF(J4=0," ",CHOOSE(WEEKDAY(J4,2),"L","M","X","J","V","S","D")) -> D | K3: =IF(K4=0," ",CHOOSE(WEEKDAY(K4,2),"L","M","X","J","V","S","D")) -> L | L3: =IF(L4=0," ",CHOOSE(WEEKDAY(L4,2),"L","M","X","J","V","S","D")) -> M | ... AF3: =IF(AF4=0," ",CHOOSE(WEEKDAY(AF4,2),"L","M","X","J","V","S","D")) -> L
E4: 45958 | F4: 45959 | G4: 45960 | H4: 45961 | I4: 45962 | J4: 45963 | K4: 45964 | L4: 45965 | M4: 45966 | N4: 45967 | O4: 45968 | P4: 45969 | Q4: 45970 | R4: 45971 | S4: 45972 | T4: 45973 | U4: 45974 | V4: 45975 | W4: 45976 | X4: 45977 | Y4: 45978 | Z4: 45979 | AA4: 45980 | AB4: 45981 | AC4: 45982 | AD4: 45983 | AE4: 45984 | AF4: 45985
E5: =IF(AND(D4<TODAY(),TODAY()<(E4+1),E4<>""),"ACTUAL","") | F5: =IF(AND(E4<TODAY(),TODAY()<(F4+1),F4<>""),"ACTUAL","") | G5: =IF(AND(F4<TODAY(),TODAY()<(G4+1),G4<>""),"ACTUAL","") | H5: =IF(AND(G4<TODAY(),TODAY()<(H4+1),H4<>""),"ACTUAL","") | I5: =IF(AND(H4<TODAY(),TODAY()<(I4+1),I4<>""),"ACTUAL","") | J5: =IF(AND(I4<TODAY(),TODAY()<(J4+1),J4<>""),"ACTUAL","") | K5: =IF(AND(J4<TODAY(),TODAY()<(K4+1),K4<>""),"ACTUAL","") | L5: =IF(AND(K4<TODAY(),TODAY()<(L4+1),L4<>""),"ACTUAL","") | ... AF5: =IF(AND(AE4<TODAY(),TODAY()<(AF4+1),AF4<>""),"ACTUAL","")
A6: Acumulado | E6: =SUM($E$10:E21) -> 0 | F6: =SUM($E$7:F7) -> 0 | G6: =SUM($E$7:G7) -> 0 | H6: =SUM($E$7:H7) -> 4 | I6: =SUM($E$7:I7) -> 6 | J6: =SUM($E$7:J7) -> 6 | K6: =SUM($E$7:K7) -> 7 | L6: =SUM($E$7:L7) -> 7 | M6: =SUM($E$7:M7) -> 7 | ... AF6: =SUM($E$7:AF7) -> 31
A7: Realizado | D7: =SUM(E7:G7) -> 0 | E7: =SUM(E10:E21) -> 0 | F7: =SUM(F10:F21) -> 0 | G7: =SUM(G10:G21) -> 0 | H7: =SUM(H10:H21) -> 4 | I7: =SUM(I10:I21) -> 2 | J7: =SUM(J10:J21) -> 0 | K7: =SUM(K10:K21) -> 1 | L7: =SUM(L10:L21) -> 0 | ... AF7: =SUM(AF10:AF21) -> 4
A9: ID | B9: Nombre | C9: Responable | D9: Realizado | E9: ESFUERZO
A10: ='Pila-Sprint2'!A4 -> ID002_T1 | B10: ='Pila-Sprint2'!B4 -> Tooltip interactivo con nombre y descripción del Pokémon/objeto/carta | C10: ='Diario-Restante-Sprint2'!C10 -> Iván | D10: =SUM(E10:AF10) -> 4 | H10: 2 | O10: 2
A11: ='Pila-Sprint2'!A6 -> ID003_T1 | B11: ='Pila-Sprint2'!B6 -> Las Poké Balls se pueden coger y lanzar | C11: ='Diario-Restante-Sprint2'!C11 -> Angelo | D11: =SUM(E11:AF11) -> 2 | H11: 2
A12: ='Pila-Sprint2'!A7 -> ID003_T2 | B12: ='Pila-Sprint2'!B7 -> Las Poké Balls emiten sonido al colisionar con una superficie | C12: ='Diario-Restante-Sprint2'!C12 -> Angelo | D12: =SUM(E12:AF12) -> 1 | I12: 1
A13: ='Pila-Sprint2'!A8 -> ID003_T3 | B13: ='Pila-Sprint2'!B8 -> Se reproduce una animación de "apertura" al colisionar con una superficie | C13: ='Diario-Restante-Sprint2'!C13 -> Angelo | D13: =SUM(E13:AF13) -> 3 | I13: 1 | K13: 1 | Y13: 1
A14: ='Pila-Sprint2'!A10 -> ID005_T1 | B14: ='Pila-Sprint2'!B10 -> Galería con línea de tiempo de la historia de Pokémon | C14: ='Diario-Restante-Sprint2'!C14 -> Rodrigo | D14: =SUM(E14:AF14) -> 4 | P14: 4
A15: ='Pila-Sprint2'!A12 -> ID006_T1 | B15: ='Pila-Sprint2'!B12 -> Botón ubicado en zona estratégica | C15: ='Diario-Restante-Sprint2'!C15 -> Rodrigo | D15: =SUM(E15:AF15) -> 1 | P15: 1
A16: ='Pila-Sprint2'!A13 -> ID006_T2 | B16: ='Pila-Sprint2'!B13 -> Funcionalidad Play/Pause y control de volumen | C16: ='Diario-Restante-Sprint2'!C16 -> Angelo | D16: =SUM(E16:AF16) -> 5 | R16: 3 | U16: 2
A17: ='Pila-Sprint2'!A15 -> ID007_T1 | B17: ='Pila-Sprint2'!B15 -> Luces se encienden al acercarse a estatuas | C17: ='Diario-Restante-Sprint2'!C17 -> Iván | D17: =SUM(E17:AF17) -> 3 | R17: 2 | V17: 1
A18: ='Pila-Sprint2'!A16 -> ID007_T2 | B18: ='Pila-Sprint2'!B16 -> Efecto de atenuación (fade-in/fade-out) | C18: ='Diario-Restante-Sprint2'!C18 -> Iván | D18: =SUM(E18:AF18) -> 1 | V18: 1
A19: ='Pila-Sprint2'!A18 -> ID008_T1 | B19: ='Pila-Sprint2'!B18 -> Sistema de preguntas basado en siluetas de Pokémon | C19: ='Diario-Restante-Sprint2'!C19 -> Iván | D19: =SUM(E19:AF19) -> 3 | Y19: 1 | AC19: 0.5 | AF19: 1.5
A20: ='Pila-Sprint2'!A19 -> ID008_T2 | B20: ='Pila-Sprint2'!B19 -> Sistema de localización/internacionalización | C20: ='Diario-Restante-Sprint2'!C20 -> Iván | D20: =SUM(E20:AF20) -> 1 | AC20: 0.5 | AF20: 0.5
A21: ='Pila-Sprint2'!A20 -> ID008_T3 | B21: ='Pila-Sprint2'!B20 -> Feedback visual | C21: ='Diario-Restante-Sprint2'!C21 -> Iván | D21: =SUM(E21:AF21) -> 3 | Y21: 1 | AF21: 2

Sheet Burns-Sprint2
A26: Calendario de la iteración
A27: Tiempo a Dedicar Total | B27: ='Pila-Sprint2'!C2 -> 37 | C27: 45958 | D27: 45959 | E27: 45960 | F27: 45961 | G27: 45962 | H27: 45963 | I27: 45964 | J27: 45965 | K27: 45966 | L27: 45967 | M27: 45968 | N27: 45969 | O27: 45970 | P27: 45971 | Q27: 45972 | R27: 45973 | S27: 45974 | T27: 45975 | U27: 45976 | V27: 45977 | W27: 45978 | X27: 45979 | Y27: 45980 | Z27: 45981 | AA27: 45982 | AB27: 45983 | AC27: 45984 | AD27: 45985
A28: Tiempo a Dedicar Diario | C28: =B27/28 -> 1.3214286 | D28: =B27/28 -> 1.3214286 | E28: =B27/28 -> 1.3214286 | F28: =B27/28 -> 1.3214286 | G28: =B27/28 -> 1.3214286 | H28: =B27/28 -> 1.3214286 | I28: =B27/28 -> 1.3214286 | J28: =B27/28 -> 1.3214286 | K28: =B27/28 -> 1.3214286 | L28: =B27/28 -> 1.3214286 | M28: =B27/28 -> 1.3214286 | N28: =B27/28 -> 1.3214286 | O28: =B27/28 -> 1.3214286 | P28: =B27/28 -> 1.3214286 | Q28: =B27/28 -> 1.3214286 | R28: =B27/28 -> 1.3214286 | S28: =B27/28 -> 1.3214286 | T28: =B27/28 -> 1.3214286 | U28: =B27/28 -> 1.3214286 | V28: =B27/28 -> 1.3214286 | W28: =B27/28 -> 1.3214286 | X28: =B27/28 -> 1.3214286 | Y28: =B27/28 -> 1.3214286 | Z28: =B27/28 -> 1.3214286 | AA28: =B27/28 -> 1.3214286 | AB28: =B27/28 -> 1.3214286 | AC28: =B27/28 -> 1.3214286 | AD28: =B27/28 -> 1.3214286
A29: Tiempo Restante | C29: =B27 -> 37 | D29: =B27-SUM(C28:D28) -> 34.357143 | E29: =B27-SUM(C28:E28) -> 33.035714 | F29: =B27-SUM(C28:F28) -> 31.714286 | G29: =B27-SUM(C28:G28) -> 30.392857 | H29: =B27-SUM(C28:H28) -> 29.071429 | I29: =B27-SUM(C28:I28) -> 27.75 | J29: =B27-SUM(C28:J28) -> 26.428571 | K29: =B27-SUM(C28:K28) -> 25.107143 | L29: =B27-SUM(C28:L28) -> 23.785714 | M29: =B27-SUM(C28:M28) -> 22.464286 | N29: =B27-SUM(C28:N28) -> 21.142857 | O29: =B27-SUM(C28:O28) -> 19.821429 | P29: =B27-SUM(C28:P28) -> 18.5 | Q29: =B27-SUM(C28:Q28) -> 17.178571 | R29: =B27-SUM(C28:R28) -> 15.857143 | S29: =B27-SUM(C28:S28) -> 14.535714 | T29: =B27-SUM(C28:T28) -> 13.214286 | U29: =B27-SUM(C28:U28) -> 11.892857 | V29: =B27-SUM(C28:V28) -> 10.571429 | W29: =B27-SUM(C28:W28) -> 9.25 | X29: =B27-SUM(C28:X28) -> 7.9285714 | Y29: =B27-SUM(C28:Y28) -> 6.6071429 | Z29: =B27-SUM(C28:Z28) -> 5.2857143 | AA29: =B27-SUM(C28:AA28) -> 3.9642857 | AB29: =B27-SUM(C28:AB28) -> 2.6428571 | AC29: =B27-SUM(C28:AC28) -> 1.3214286 | AD29: =B27-SUM(C28:AD28) -> 0

Sheet Retrospectiva Sprint 2
A1: ¿QUÉ HA IDO BIEN EN LA INTERACCIÓN? | B1: ¿QUÉ ES MEJORABLE? | C1: ACCIONES DE MEJORA
A2: Hemos logrado finalizar el proyecto exitosamente | B2: Mayor comunicación mediante reuniones | C2: Planificar con más frecuencia reuniones
A3: Hemos logrado una óptima capacidad de trabajo | B3: Mejor compresión de la teoría | C3: Proactividad en la realización del proyecto
A4: Hemos planificado y priorizado las tareas correctamente | B4: Mayor exploración de Unity | C4: Ampliar e investigar posibles funcionalidades del proyecto
A5: Hemos mejorado en la gestión de conflictos | B5: Mayor obtención de feedback
